platform,author_id,author_name,followers,num_posts,total_engagement,engagement_rate,influencer_score,top_topics,avg_likes,avg_comments,avg_shares,avg_views
reddit,u1001,u1001,0,3,0,,0.0,"2,8,13",0.0,0.0,0.0,0.0
reddit,u1002,u1002,0,3,0,,0.0,"1,6,19",0.0,0.0,0.0,0.0
reddit,u1003,u1003,0,3,0,,0.0,"2,4,8",0.0,0.0,0.0,0.0
reddit,u1004,u1004,0,3,0,,0.0,"1,10,17",0.0,0.0,0.0,0.0
reddit,u1005,u1005,0,3,0,,0.0,"3,5,18",0.0,0.0,0.0,0.0
tiktok,u2001,u2001,0,1,0,,0.0,0,0.0,0.0,0.0,0.0
tiktok,u2002,u2002,0,1,0,,0.0,14,0.0,0.0,0.0,0.0
tiktok,u2003,u2003,0,1,0,,0.0,15,0.0,0.0,0.0,0.0
tiktok,u2004,u2004,0,1,0,,0.0,2,0.0,0.0,0.0,0.0
tiktok,u2005,u2005,0,1,0,,0.0,11,0.0,0.0,0.0,0.0
tiktok,u2006,u2006,0,1,0,,0.0,4,0.0,0.0,0.0,0.0
tiktok,u2007,u2007,0,1,0,,0.0,0,0.0,0.0,0.0,0.0
tiktok,u2008,u2008,0,1,0,,0.0,0,0.0,0.0,0.0,0.0
twitter,u3001,u3001,0,1,0,,0.0,7,0.0,0.0,0.0,0.0
twitter,u3002,u3002,0,1,0,,0.0,9,0.0,0.0,0.0,0.0
twitter,u3003,u3003,0,1,0,,0.0,16,0.0,0.0,0.0,0.0
twitter,u3004,u3004,0,1,0,,0.0,7,0.0,0.0,0.0,0.0
twitter,u3005,u3005,0,1,0,,0.0,12,0.0,0.0,0.0,0.0
twitter,u3006,u3006,0,1,0,,0.0,5,0.0,0.0,0.0,0.0
twitter,u3007,u3007,0,1,0,,0.0,6,0.0,0.0,0.0,0.0
